{"cameraMode":{"drawMode":0,"name":"Shaded","section":"Shading Mode"},"sceneLighting":true,"audioPlay":false,"sceneViewState":{"m_AlwaysRefresh":false,"showFog":true,"showSkybox":false,"showFlares":true,"showImageEffects":true,"showParticleSystems":true,"showVisualEffectGraphs":true,"m_FxEnabled":true},"in2DMode":false,"pivot":{"x":-0.29968833923339846,"y":1.806058406829834,"z":0.6997122764587402},"rotation":{"x":0.11631833016872406,"y":-0.7037515044212341,"z":0.11848531663417816,"w":0.6907892227172852},"size":1.7877460718154908,"orthographic":false}